TRUNCATE TABLE AUDIT_LOG
TRUNCATE TABLE CARD
TRUNCATE TABLE TRANSACTION
TRUNCATE TABLE ACCOUNT_HOLDER
TRUNCATE TABLE CURRENT_ACCOUNT
TRUNCATE TABLE EMPLOYEE
TRUNCATE TABLE ROLE

DROP TABLE AUDIT_LOG
DROP TABLE CARD
DROP TABLE TRANSACTION
DROP TABLE ACCOUNT_HOLDER
DROP TABLE CURRENT_ACCOUNT
DROP TABLE EMPLOYEE
DROP TABLE ROLE

CREATE TABLE ROLE (
    "ROLE_ID" INT,
    "ROLE_DESCRIPTION" VARCHAR(255),
    CONSTRAINT PK_ROLE PRIMARY KEY(ROLE_ID)
)

CREATE TABLE EMPLOYEE (
    "EMPLOYEE_ID" INT,
    "NAME" VARCHAR(50) NOT NULL,
    "SURNAME" VARCHAR(50) NOT NULL,
    "USERNAME" VARCHAR(50) NOT NULL,
    "PASSWORD" VARCHAR(50) NOT NULL,
    "HIRE_DATE" DATE NOT NULL,
    "MAIL_ADDRESS" VARCHAR(100) NOT NULL,
    "TEL_NO" VARCHAR(20) NOT NULL,
    "ROLE_ID" INT NOT NULL,
    "MANAGER_ID" INT NULL,
    CONSTRAINT PK_EMP PRIMARY KEY(EMPLOYEE_ID),
    CONSTRAINT FK_ROLE FOREIGN KEY ("ROLE_ID") REFERENCES ROLE("ROLE_ID"),
    CONSTRAINT FK_EMP FOREIGN KEY ("MANAGER_ID") REFERENCES EMPLOYEE("EMPLOYEE_ID") ON DELETE SET NULL,
    CONSTRAINT U_MAIL UNIQUE("MAIL_ADDRESS"),
    CONSTRAINT U_TEL UNIQUE("TEL_NO"),
    CHECK (ROLE_ID IN(1, 2, 3, 4))
)

CREATE TABLE CURRENT_ACCOUNT (
    "ACCOUNT_NO" VARCHAR(30),
    "OWNER_CODE" VARCHAR(16) NOT NULL,
    "PIN" NUMBER(5) NOT NULL,
    "BALANCE" NUMBER(15,2) NOT NULL,
    CONSTRAINT PK_CURR_ACC PRIMARY KEY("ACCOUNT_NO"),
    CONSTRAINT U_PIN UNIQUE("PIN"),
    CONSTRAINT U_OWNER UNIQUE("OWNER_CODE"),
    CONSTRAINT CHK_PIN_LENGHT CHECK (LENGTH("PIN") = 5)
)

CREATE TABLE ACCOUNT_HOLDER (
    "FISCAL_CODE" VARCHAR(16),
    "NAME" VARCHAR(255),
    "SURNAME" VARCHAR(255),
    "EMAIL_ADDRESS" VARCHAR(255) NOT NULL,
    "TEL_NO" VARCHAR(20) NOT NULL,
    "BIRTHDAY" DATE,
    "ACCOUNT_NO" VARCHAR(30),
    "EMPLOYEE_ID" INT,
    CONSTRAINT PK_ACC PRIMARY KEY("FISCAL_CODE"),
    CONSTRAINT U_MAIL_ACC UNIQUE("EMAIL_ADDRESS"),
    CONSTRAINT U_TEL_ACC UNIQUE("TEL_NO"),
    CONSTRAINT FK_ACC FOREIGN KEY("ACCOUNT_NO") REFERENCES CURRENT_ACCOUNT("ACCOUNT_NO") ON DELETE SET NULL,
    CONSTRAINT FK_EMP_ACC FOREIGN KEY("EMPLOYEE_ID") REFERENCES EMPLOYEE("EMPLOYEE_ID") ON DELETE SET NULL
)

CREATE TABLE TRANSACTION (
    "TRANSACTION_ID" INT,
    "TIMESTAMP" TIMESTAMP NOT NULL,
    "MOVEMENT_TYPE" VARCHAR(15),
    "AMOUNT" NUMBER(15,2),
    "ACCOUNT_NO" VARCHAR(30),
    "EMPLOYEE_ID" INT,
    CONSTRAINT PK_TRA PRIMARY KEY("TRANSACTION_ID"),
    CONSTRAINT FK_ACC_TRA FOREIGN KEY("ACCOUNT_NO") REFERENCES CURRENT_ACCOUNT("ACCOUNT_NO") ON DELETE SET NULL,
    CONSTRAINT FK_EMP_TRA FOREIGN KEY("EMPLOYEE_ID") REFERENCES EMPLOYEE("EMPLOYEE_ID") ON DELETE SET NULL,
    CONSTRAINT CHK_MOV_TYPE CHECK("MOVEMENT_TYPE" IN ('I','O'))
)

CREATE TABLE CARD (
    "CARD_NO" VARCHAR(20),
    "CARD_TYPE" VARCHAR(50),
    "PAYMENT_CIRCUIT" VARCHAR(20),
    "LIMIT" NUMBER(15,2),
    "FLAG_ACTIVE" VARCHAR(1),
    "ACCOUNT_NO" VARCHAR(30),
    CONSTRAINT PK_CARD PRIMARY KEY("CARD_NO"),
    CONSTRAINT FK_ACC_CARD FOREIGN KEY("ACCOUNT_NO") REFERENCES CURRENT_ACCOUNT("ACCOUNT_NO") ON DELETE SET NULL,
    CONSTRAINT CHK_ACTIVE CHECK("FLAG_ACTIVE" IN ('Y','N'))
)

CREATE TABLE AUDIT_LOG (
    "ID_LOG" INT,
    "TIMESTAMP" TIMESTAMP NOT NULL,
    "OPERATION" VARCHAR(255) NOT NULL,
    "EMPLOYEE_ID" INT,
    CONSTRAINT PK_AUD PRIMARY KEY("ID_LOG"),
    CONSTRAINT FK_EMP_AUD FOREIGN KEY("EMPLOYEE_ID") REFERENCES EMPLOYEE("EMPLOYEE_ID") ON DELETE SET NULL
)


--Inserimento ruoli
INSERT INTO ROLE (ROLE_ID, ROLE_DESCRIPTION) VALUES (1, 'Top Manager');
INSERT INTO ROLE (ROLE_ID, ROLE_DESCRIPTION) VALUES (2, 'Middle Manager');
INSERT INTO ROLE (ROLE_ID, ROLE_DESCRIPTION) VALUES (3, 'Cashier');
INSERT INTO ROLE (ROLE_ID, ROLE_DESCRIPTION) VALUES (4, 'Auditor');


-- Inserimento dipendenti
INSERT INTO EMPLOYEE (EMPLOYEE_ID, NAME, SURNAME, USERNAME, PASSWORD, HIRE_DATE, MAIL_ADDRESS, TEL_NO, ROLE_ID, MANAGER_ID) VALUES (1, 'Mario', 'Rossi', 'mario_rossi', 'TopManager2025!1', TO_DATE('15-06-2015', 'DD-MM-YYYY'), 'm.rossi@bank.com', '+39 345 6789012', 1, 1);
INSERT INTO EMPLOYEE (EMPLOYEE_ID, NAME, SURNAME, USERNAME, PASSWORD, HIRE_DATE, MAIL_ADDRESS, TEL_NO, ROLE_ID, MANAGER_ID) VALUES (2, 'Luca', 'Bianchi', 'luca_bianchi', 'MiddleManager2025!1', TO_DATE('20-09-2017', 'DD-MM-YYYY'), 'l.bianchi@bank.com', '+39 320 9876543', 2, 1);
INSERT INTO EMPLOYEE (EMPLOYEE_ID, NAME, SURNAME, USERNAME, PASSWORD, HIRE_DATE, MAIL_ADDRESS, TEL_NO, ROLE_ID, MANAGER_ID) VALUES (3, 'Anna', 'Verdi', 'anna_verdi', 'Cashier2025!1', TO_DATE('10-03-2019', 'DD-MM-YYYY'), 'a.verdi@bank.com', '+39 331 2233445', 3, 2);
INSERT INTO EMPLOYEE (EMPLOYEE_ID, NAME, SURNAME, USERNAME, PASSWORD, HIRE_DATE, MAIL_ADDRESS, TEL_NO, ROLE_ID, MANAGER_ID) VALUES (4, 'Giulia', 'Neri', 'giulia_neri', 'Auditor2025!1', TO_DATE('25-07-2020', 'DD-MM-YYYY'), 'g.neri@bank.com', '+39 366 7788990', 4, 1);
INSERT INTO EMPLOYEE (EMPLOYEE_ID, NAME, SURNAME, USERNAME, PASSWORD, HIRE_DATE, MAIL_ADDRESS, TEL_NO, ROLE_ID, MANAGER_ID) VALUES (5, 'Stefano', 'Moretti', 'stefano_moretti', 'MiddleManager2025!2', TO_DATE('12-05-2018', 'DD-MM-YYYY'), 's.moretti@bank.com', '+39 377 8899001', 2, 1);
INSERT INTO EMPLOYEE (EMPLOYEE_ID, NAME, SURNAME, USERNAME, PASSWORD, HIRE_DATE, MAIL_ADDRESS, TEL_NO, ROLE_ID, MANAGER_ID) VALUES (6, 'Elisa', 'Conti', 'elisa_conti', 'Cashier2025!2', TO_DATE('30-09-2021', 'DD-MM-YYYY'), 'e.conti@bank.com', '+39 388 9900112', 3, 2);
INSERT INTO EMPLOYEE (EMPLOYEE_ID, NAME, SURNAME, USERNAME, PASSWORD, HIRE_DATE, MAIL_ADDRESS, TEL_NO, ROLE_ID, MANAGER_ID) VALUES (7, 'Paolo', 'De Luca', 'paolo_de_luca', 'Auditor2025!2', TO_DATE('18-11-2016', 'DD-MM-YYYY'), 'p.deluca@bank.com', '+39 399 0011223', 4, 1);
INSERT INTO EMPLOYEE (EMPLOYEE_ID, NAME, SURNAME, USERNAME, PASSWORD, HIRE_DATE, MAIL_ADDRESS, TEL_NO, ROLE_ID, MANAGER_ID) VALUES (8, 'Francesco', 'Ricci', 'francesco_ricci', 'Cashier2025!3', TO_DATE('20-04-2014', 'DD-MM-YYYY'), 'f.ricci@bank.com', '+39 322 3344556', 3, 2);
INSERT INTO EMPLOYEE (EMPLOYEE_ID, NAME, SURNAME, USERNAME, PASSWORD, HIRE_DATE, MAIL_ADDRESS, TEL_NO, ROLE_ID, MANAGER_ID) VALUES (9, 'Martina', 'Ferrari', 'martina_ferrari', 'Cashier2025!4', TO_DATE('05-01-2022', 'DD-MM-YYYY'), 'm.ferrari@bank.com', '+39 355 5443322', 3, 2);
INSERT INTO EMPLOYEE (EMPLOYEE_ID, NAME, SURNAME, USERNAME, PASSWORD, HIRE_DATE, MAIL_ADDRESS, TEL_NO, ROLE_ID, MANAGER_ID) VALUES (10, 'Alessandro', 'Romano', 'alessandro_romano', 'Cashier2025!5', TO_DATE('11-12-2013', 'DD-MM-YYYY'), 'a.romano@bank.com', '+39 366 4332211', 3, 2);


--Inserimento clienti
INSERT INTO CURRENT_ACCOUNT (ACCOUNT_NO, OWNER_CODE, PIN, BALANCE) VALUES ('IT60X0000000000000000000001', 'RSSMRA80A01L219X', 12345, 5000.00);
INSERT INTO CURRENT_ACCOUNT (ACCOUNT_NO, OWNER_CODE, PIN, BALANCE) VALUES ('IT60Y0000000000000000000002', 'BNCSRA85B02M123Y', 23456, 7500.50);
INSERT INTO CURRENT_ACCOUNT (ACCOUNT_NO, OWNER_CODE, PIN, BALANCE) VALUES ('IT60Z0000000000000000000003', 'FRRLNZ90C03N456Z', 34567, 6200.75);
INSERT INTO CURRENT_ACCOUNT (ACCOUNT_NO, OWNER_CODE, PIN, BALANCE) VALUES ('IT60A0000000000000000000004', 'RMNELN88D04O789A', 45678, 8900.30);
INSERT INTO CURRENT_ACCOUNT (ACCOUNT_NO, OWNER_CODE, PIN, BALANCE) VALUES ('IT60B0000000000000000000005', 'ESPGVN92E05P012B', 56789, 12000.40);
INSERT INTO CURRENT_ACCOUNT (ACCOUNT_NO, OWNER_CODE, PIN, BALANCE) VALUES ('IT60C0000000000000000000006', 'MRICHR95F06Q345C', 67890, 9800.20);
INSERT INTO CURRENT_ACCOUNT (ACCOUNT_NO, OWNER_CODE, PIN, BALANCE) VALUES ('IT60D0000000000000000000007', 'RSSGRL82G07R678D', 78901, 7200.60);
INSERT INTO CURRENT_ACCOUNT (ACCOUNT_NO, OWNER_CODE, PIN, BALANCE) VALUES ('IT60E0000000000000000000008', 'DNGFDR87H08S901E', 89012, 4600.90);
INSERT INTO CURRENT_ACCOUNT (ACCOUNT_NO, OWNER_CODE, PIN, BALANCE) VALUES ('IT60F0000000000000000000009', 'LCALCA91I09T234F', 90123, 8300.00);
INSERT INTO CURRENT_ACCOUNT (ACCOUNT_NO, OWNER_CODE, PIN, BALANCE) VALUES ('IT60G0000000000000000000010', 'VLGVLT89L10U567G', 11223, 5700.30);
INSERT INTO CURRENT_ACCOUNT (ACCOUNT_NO, OWNER_CODE, PIN, BALANCE) VALUES ('IT60H0000000000000000000011', 'CMCCML93M11V890H', 22334, 6900.50);
INSERT INTO CURRENT_ACCOUNT (ACCOUNT_NO, OWNER_CODE, PIN, BALANCE) VALUES ('IT60I0000000000000000000012', 'GRCGCR86N12W123I', 33445, 9300.80);
INSERT INTO CURRENT_ACCOUNT (ACCOUNT_NO, OWNER_CODE, PIN, BALANCE) VALUES ('IT60L0000000000000000000013', 'ANDNDR94P13X456L', 44556, 8400.60);
INSERT INTO CURRENT_ACCOUNT (ACCOUNT_NO, OWNER_CODE, PIN, BALANCE) VALUES ('IT60M0000000000000000000014', 'BRTBRT83Q14Y789M', 55667, 7100.40);
INSERT INTO CURRENT_ACCOUNT (ACCOUNT_NO, OWNER_CODE, PIN, BALANCE) VALUES ('IT60N0000000000000000000015', 'CNTCNS96R15Z012N', 66778, 5200.20);
INSERT INTO CURRENT_ACCOUNT (ACCOUNT_NO, OWNER_CODE, PIN, BALANCE) VALUES ('IT60O0000000000000000000016', 'DMNMNA81S16A345O', 77889, 6300.10);
INSERT INTO CURRENT_ACCOUNT (ACCOUNT_NO, OWNER_CODE, PIN, BALANCE) VALUES ('IT60P0000000000000000000017', 'FLRFRA84T17B678P', 88990, 9600.50);
INSERT INTO CURRENT_ACCOUNT (ACCOUNT_NO, OWNER_CODE, PIN, BALANCE) VALUES ('IT60Q0000000000000000000018', 'GLLGLI88U18C901Q', 99001, 4700.90);
INSERT INTO CURRENT_ACCOUNT (ACCOUNT_NO, OWNER_CODE, PIN, BALANCE) VALUES ('IT60R0000000000000000000019', 'LNDLND90V19D234R', 10112, 8200.30);
INSERT INTO CURRENT_ACCOUNT (ACCOUNT_NO, OWNER_CODE, PIN, BALANCE) VALUES ('IT60S0000000000000000000020', 'MNTMNT97W20E567S', 20223, 5800.40);
INSERT INTO CURRENT_ACCOUNT (ACCOUNT_NO, OWNER_CODE, PIN, BALANCE) VALUES ('IT60T0000000000000000000021', 'MRTMRA85X21F890T', 30334, 9400.20);
INSERT INTO CURRENT_ACCOUNT (ACCOUNT_NO, OWNER_CODE, PIN, BALANCE) VALUES ('IT60U0000000000000000000022', 'PCCLCA98Y22G123U', 40445, 7300.80);
INSERT INTO CURRENT_ACCOUNT (ACCOUNT_NO, OWNER_CODE, PIN, BALANCE) VALUES ('IT60V0000000000000000000023', 'RZZRZZ87Z23H456V', 50556, 6500.70);
INSERT INTO CURRENT_ACCOUNT (ACCOUNT_NO, OWNER_CODE, PIN, BALANCE) VALUES ('IT60W0000000000000000000024', 'SLLSLV91A24I789W', 60667, 9900.10);
INSERT INTO CURRENT_ACCOUNT (ACCOUNT_NO, OWNER_CODE, PIN, BALANCE) VALUES ('IT60X0000000000000000000025', 'TZZTMA82B25L012X', 70778, 8600.00);
INSERT INTO CURRENT_ACCOUNT (ACCOUNT_NO, OWNER_CODE, PIN, BALANCE) VALUES ('IT60Y0000000000000000000026', 'VLLVLL95C26M345Y', 80889, 7200.60);
INSERT INTO CURRENT_ACCOUNT (ACCOUNT_NO, OWNER_CODE, PIN, BALANCE) VALUES ('IT60Z0000000000000000000027', 'ZCCZCC88D27N678Z', 90990, 6400.30);
INSERT INTO CURRENT_ACCOUNT (ACCOUNT_NO, OWNER_CODE, PIN, BALANCE) VALUES ('IT60A0000000000000000000028', 'BRBBRN93E28O901A', 11111, 7800.50);
INSERT INTO CURRENT_ACCOUNT (ACCOUNT_NO, OWNER_CODE, PIN, BALANCE) VALUES ('IT60B0000000000000000000029', 'CNCCNN86F29P234B', 22222, 5300.20);
INSERT INTO CURRENT_ACCOUNT (ACCOUNT_NO, OWNER_CODE, PIN, BALANCE) VALUES ('IT60C0000000000000000000030', 'DNTDNT99G30Q567C', 33333, 9700.60);


--Inserimento correntisti
INSERT INTO ACCOUNT_HOLDER (FISCAL_CODE, NAME, SURNAME, EMAIL_ADDRESS, TEL_NO, BIRTHDAY, ACCOUNT_NO, EMPLOYEE_ID) VALUES ('RSSMRA80A01L219X', 'Mario', 'Rossi', 'mario.rossi@email.com', '+39 3331234567', TO_DATE('01-01-1980', 'DD-MM-YYYY'), 'IT60X0000000000000000000001', 3);
INSERT INTO ACCOUNT_HOLDER (FISCAL_CODE, NAME, SURNAME, EMAIL_ADDRESS, TEL_NO, BIRTHDAY, ACCOUNT_NO, EMPLOYEE_ID) VALUES ('BNCSRA85B02M123Y', 'Sara', 'Bianchi', 'sara.bianchi@email.com', '+39 3349876543', TO_DATE('02-02-1985', 'DD-MM-YYYY'), 'IT60Y0000000000000000000002', 6);
INSERT INTO ACCOUNT_HOLDER (FISCAL_CODE, NAME, SURNAME, EMAIL_ADDRESS, TEL_NO, BIRTHDAY, ACCOUNT_NO, EMPLOYEE_ID) VALUES ('FRRLNZ90C03N456Z', 'Lorenzo', 'Ferrari', 'lorenzo.ferrari@email.com', '+39 3352345678', TO_DATE('03-03-1990', 'DD-MM-YYYY'), 'IT60Z0000000000000000000003', 8);
INSERT INTO ACCOUNT_HOLDER (FISCAL_CODE, NAME, SURNAME, EMAIL_ADDRESS, TEL_NO, BIRTHDAY, ACCOUNT_NO, EMPLOYEE_ID) VALUES ('RMNELN88D04O789A', 'Elena', 'Romano', 'elena.romano@email.com', '+39 3363456789', TO_DATE('04-04-1988', 'DD-MM-YYYY'), 'IT60A0000000000000000000004', 9);
INSERT INTO ACCOUNT_HOLDER (FISCAL_CODE, NAME, SURNAME, EMAIL_ADDRESS, TEL_NO, BIRTHDAY, ACCOUNT_NO, EMPLOYEE_ID) VALUES ('ESPGVN92E05P012B', 'Giovanni', 'Esposito', 'giovanni.esposito@email.com', '+39 3374567890', TO_DATE('05-05-1992', 'DD-MM-YYYY'), 'IT60B0000000000000000000005', 10);
INSERT INTO ACCOUNT_HOLDER (FISCAL_CODE, NAME, SURNAME, EMAIL_ADDRESS, TEL_NO, BIRTHDAY, ACCOUNT_NO, EMPLOYEE_ID) VALUES ('MRICHR95F06Q345C', 'Chiara', 'Marini', 'chiara.marini@email.com', '+39 3385678901', TO_DATE('06-06-1995', 'DD-MM-YYYY'), 'IT60C0000000000000000000006', 3);
INSERT INTO ACCOUNT_HOLDER (FISCAL_CODE, NAME, SURNAME, EMAIL_ADDRESS, TEL_NO, BIRTHDAY, ACCOUNT_NO, EMPLOYEE_ID) VALUES ('RSSGRL82G07R678D', 'Gabriele', 'Russo', 'gabriele.russo@email.com', '+39 3396789012', TO_DATE('07-07-1982', 'DD-MM-YYYY'), 'IT60D0000000000000000000007', 6);
INSERT INTO ACCOUNT_HOLDER (FISCAL_CODE, NAME, SURNAME, EMAIL_ADDRESS, TEL_NO, BIRTHDAY, ACCOUNT_NO, EMPLOYEE_ID) VALUES ('DNGFDR87H08S901E', 'Federica', 'De Angelis', 'federica.deangelis@email.com', '+39 3407890123', TO_DATE('08-08-1987', 'DD-MM-YYYY'), 'IT60E0000000000000000000008', 8);
INSERT INTO ACCOUNT_HOLDER (FISCAL_CODE, NAME, SURNAME, EMAIL_ADDRESS, TEL_NO, BIRTHDAY, ACCOUNT_NO, EMPLOYEE_ID) VALUES ('LCALCA91I09T234F', 'Luca', 'Lombardi', 'luca.lombardi@email.com', '+39 3418901234', TO_DATE('09-09-1991', 'DD-MM-YYYY'), 'IT60F0000000000000000000009', 9);
INSERT INTO ACCOUNT_HOLDER (FISCAL_CODE, NAME, SURNAME, EMAIL_ADDRESS, TEL_NO, BIRTHDAY, ACCOUNT_NO, EMPLOYEE_ID) VALUES ('VLGVLT89L10U567G', 'Valentina', 'Verdi', 'valentina.verdi@email.com', '+39 3429012345', TO_DATE('10-10-1989', 'DD-MM-YYYY'), 'IT60G0000000000000000000010', 10);
INSERT INTO ACCOUNT_HOLDER (FISCAL_CODE, NAME, SURNAME, EMAIL_ADDRESS, TEL_NO, BIRTHDAY, ACCOUNT_NO, EMPLOYEE_ID) VALUES ('CMCCML93M11V890H', 'Camilla', 'Colombo', 'camilla.colombo@email.com', '+39 3430123456', TO_DATE('11-11-1993', 'DD-MM-YYYY'), 'IT60H0000000000000000000011', 3);
INSERT INTO ACCOUNT_HOLDER (FISCAL_CODE, NAME, SURNAME, EMAIL_ADDRESS, TEL_NO, BIRTHDAY, ACCOUNT_NO, EMPLOYEE_ID) VALUES ('GRCGCR86N12W123I', 'Giorgio', 'Gallo', 'giorgio.gallo@email.com', '+39 3441234567', TO_DATE('12-12-1986', 'DD-MM-YYYY'), 'IT60I0000000000000000000012', 6);
INSERT INTO ACCOUNT_HOLDER (FISCAL_CODE, NAME, SURNAME, EMAIL_ADDRESS, TEL_NO, BIRTHDAY, ACCOUNT_NO, EMPLOYEE_ID) VALUES ('ANDNDR94P13X456L', 'Andrea', 'Andreoli', 'andrea.andreoli@email.com', '+39 3452345678', TO_DATE('13-01-1994', 'DD-MM-YYYY'), 'IT60L0000000000000000000013', 8);
INSERT INTO ACCOUNT_HOLDER (FISCAL_CODE, NAME, SURNAME, EMAIL_ADDRESS, TEL_NO, BIRTHDAY, ACCOUNT_NO, EMPLOYEE_ID) VALUES ('BRTBRT83Q14Y789M', 'Beatrice', 'Bertolini', 'beatrice.bertolini@email.com', '+39 3463456789', TO_DATE('14-02-1983', 'DD-MM-YYYY'), 'IT60M0000000000000000000014', 9);
INSERT INTO ACCOUNT_HOLDER (FISCAL_CODE, NAME, SURNAME, EMAIL_ADDRESS, TEL_NO, BIRTHDAY, ACCOUNT_NO, EMPLOYEE_ID) VALUES ('CNTCNS96R15Z012N', 'Costanza', 'Conti', 'costanza.conti@email.com', '+39 3474567890', TO_DATE('15-03-1996', 'DD-MM-YYYY'), 'IT60N0000000000000000000015', 10);
INSERT INTO ACCOUNT_HOLDER (FISCAL_CODE, NAME, SURNAME, EMAIL_ADDRESS, TEL_NO, BIRTHDAY, ACCOUNT_NO, EMPLOYEE_ID) VALUES ('DMNMNA81S16A345O', 'Domenico', 'Damiani', 'domenico.damiani@email.com', '+39 3485678901', TO_DATE('16-04-1981', 'DD-MM-YYYY'), 'IT60O0000000000000000000016', 3);
INSERT INTO ACCOUNT_HOLDER (FISCAL_CODE, NAME, SURNAME, EMAIL_ADDRESS, TEL_NO, BIRTHDAY, ACCOUNT_NO, EMPLOYEE_ID) VALUES ('FLRFRA84T17B678P', 'Francesca', 'Fabbri', 'francesca.fabbri@email.com', '+39 3496789012', TO_DATE('17-05-1984', 'DD-MM-YYYY'), 'IT60P0000000000000000000017', 6);
INSERT INTO ACCOUNT_HOLDER (FISCAL_CODE, NAME, SURNAME, EMAIL_ADDRESS, TEL_NO, BIRTHDAY, ACCOUNT_NO, EMPLOYEE_ID) VALUES ('GLLGLI88U18C901Q', 'Giulia', 'Galli', 'giulia.galli@email.com', '+39 3507890123', TO_DATE('18-06-1988', 'DD-MM-YYYY'), 'IT60Q0000000000000000000018', 8);
INSERT INTO ACCOUNT_HOLDER (FISCAL_CODE, NAME, SURNAME, EMAIL_ADDRESS, TEL_NO, BIRTHDAY, ACCOUNT_NO, EMPLOYEE_ID) VALUES ('LNDLND90V19D234R', 'Leonardo', 'Landi', 'leonardo.landi@email.com', '+39 3518901234', TO_DATE('19-07-1990', 'DD-MM-YYYY'), 'IT60R0000000000000000000019', 9);
INSERT INTO ACCOUNT_HOLDER (FISCAL_CODE, NAME, SURNAME, EMAIL_ADDRESS, TEL_NO, BIRTHDAY, ACCOUNT_NO, EMPLOYEE_ID) VALUES ('MNTMNT97W20E567S', 'Martina', 'Monti', 'martina.monti@email.com', '+39 3529012345', TO_DATE('20-08-1997', 'DD-MM-YYYY'), 'IT60S0000000000000000000020', 10);
INSERT INTO ACCOUNT_HOLDER (FISCAL_CODE, NAME, SURNAME, EMAIL_ADDRESS, TEL_NO, BIRTHDAY, ACCOUNT_NO, EMPLOYEE_ID) VALUES ('MRTMRA85X21F890T', 'Marta', 'Martini', 'marta.martini@email.com', '+39 3530123456', TO_DATE('21-09-1985', 'DD-MM-YYYY'), 'IT60T0000000000000000000021', 3);
INSERT INTO ACCOUNT_HOLDER (FISCAL_CODE, NAME, SURNAME, EMAIL_ADDRESS, TEL_NO, BIRTHDAY, ACCOUNT_NO, EMPLOYEE_ID) VALUES ('PCCLCA98Y22G123U', 'Paola', 'Piccoli', 'paola.piccoli@email.com', '+39 3541234567', TO_DATE('22-10-1998', 'DD-MM-YYYY'), 'IT60U0000000000000000000022', 6);
INSERT INTO ACCOUNT_HOLDER (FISCAL_CODE, NAME, SURNAME, EMAIL_ADDRESS, TEL_NO, BIRTHDAY, ACCOUNT_NO, EMPLOYEE_ID) VALUES ('RZZRZZ87Z23H456V', 'Riccardo', 'Rizzo', 'riccardo.rizzo@email.com', '+39 3552345678', TO_DATE('23-11-1987', 'DD-MM-YYYY'), 'IT60V0000000000000000000023', 8);
INSERT INTO ACCOUNT_HOLDER (FISCAL_CODE, NAME, SURNAME, EMAIL_ADDRESS, TEL_NO, BIRTHDAY, ACCOUNT_NO, EMPLOYEE_ID) VALUES ('SLLSLV91A24I789W', 'Silvia', 'Salvi', 'silvia.salvi@email.com', '+39 3563456789', TO_DATE('24-12-1991', 'DD-MM-YYYY'), 'IT60W0000000000000000000024', 9);
INSERT INTO ACCOUNT_HOLDER (FISCAL_CODE, NAME, SURNAME, EMAIL_ADDRESS, TEL_NO, BIRTHDAY, ACCOUNT_NO, EMPLOYEE_ID) VALUES ('TZZTMA82B25L012X', 'Tommaso', 'Tamai', 'tommaso.tamai@email.com', '+39 3574567890', TO_DATE('25-01-1982', 'DD-MM-YYYY'), 'IT60X0000000000000000000025', 10);
INSERT INTO ACCOUNT_HOLDER (FISCAL_CODE, NAME, SURNAME, EMAIL_ADDRESS, TEL_NO, BIRTHDAY, ACCOUNT_NO, EMPLOYEE_ID) VALUES ('VLLVLL95C26M345Y', 'Viola', 'Villa', 'viola.villa@email.com', '+39 3585678901', TO_DATE('26-02-1995', 'DD-MM-YYYY'), 'IT60Y0000000000000000000026', 3);
INSERT INTO ACCOUNT_HOLDER (FISCAL_CODE, NAME, SURNAME, EMAIL_ADDRESS, TEL_NO, BIRTHDAY, ACCOUNT_NO, EMPLOYEE_ID) VALUES ('ZCCZCC88D27N678Z', 'Zoe', 'Zanetti', 'zoe.zanetti@email.com', '+39 3596789012', TO_DATE('27-03-1988', 'DD-MM-YYYY'), 'IT60Z0000000000000000000027', 6);
INSERT INTO ACCOUNT_HOLDER (FISCAL_CODE, NAME, SURNAME, EMAIL_ADDRESS, TEL_NO, BIRTHDAY, ACCOUNT_NO, EMPLOYEE_ID) VALUES ('BRBBRN93E28O901A', 'Bruno', 'Barbieri', 'bruno.barbieri@email.com', '+39 3607890123', TO_DATE('28-04-1993', 'DD-MM-YYYY'), 'IT60A0000000000000000000028', 8);
INSERT INTO ACCOUNT_HOLDER (FISCAL_CODE, NAME, SURNAME, EMAIL_ADDRESS, TEL_NO, BIRTHDAY, ACCOUNT_NO, EMPLOYEE_ID) VALUES ('CNCCNN86F29P234B', 'Cinzia', 'Cenni', 'cinzia.cenni@email.com', '+39 3618901234', TO_DATE('29-05-1986', 'DD-MM-YYYY'), 'IT60B0000000000000000000029', 9);
INSERT INTO ACCOUNT_HOLDER (FISCAL_CODE, NAME, SURNAME, EMAIL_ADDRESS, TEL_NO, BIRTHDAY, ACCOUNT_NO, EMPLOYEE_ID) VALUES ('DNTDNT99G30Q567C', 'Donato', 'Dante', 'donato.dante@email.com', '+39 3629012345', TO_DATE('30-06-1999', 'DD-MM-YYYY'), 'IT60C0000000000000000000030', 10);


--Inserimento transazioni
INSERT INTO TRANSACTION (TRANSACTION_ID, TIMESTAMP, MOVEMENT_TYPE, AMOUNT, ACCOUNT_NO, EMPLOYEE_ID) VALUES (1, TO_TIMESTAMP('2024-05-15 10:23:00', 'YYYY-MM-DD HH24:MI:SS'), 'I', 500.00, 'IT60X0000000000000000000001', 3);
INSERT INTO TRANSACTION (TRANSACTION_ID, TIMESTAMP, MOVEMENT_TYPE, AMOUNT, ACCOUNT_NO, EMPLOYEE_ID) VALUES (2, TO_TIMESTAMP('2024-07-03 12:45:00', 'YYYY-MM-DD HH24:MI:SS'), 'I', 1000.00, 'IT60Y0000000000000000000002', 6);
INSERT INTO TRANSACTION (TRANSACTION_ID, TIMESTAMP, MOVEMENT_TYPE, AMOUNT, ACCOUNT_NO, EMPLOYEE_ID) VALUES (3, TO_TIMESTAMP('2024-09-08 14:55:00', 'YYYY-MM-DD HH24:MI:SS'), 'O', 200.00, 'IT60Y0000000000000000000002', 6);
INSERT INTO TRANSACTION (TRANSACTION_ID, TIMESTAMP, MOVEMENT_TYPE, AMOUNT, ACCOUNT_NO, EMPLOYEE_ID) VALUES (4, TO_TIMESTAMP('2025-01-11 08:17:00', 'YYYY-MM-DD HH24:MI:SS'), 'I', 300.00, 'IT60Z0000000000000000000003', 8);
INSERT INTO TRANSACTION (TRANSACTION_ID, TIMESTAMP, MOVEMENT_TYPE, AMOUNT, ACCOUNT_NO, EMPLOYEE_ID) VALUES (5, TO_TIMESTAMP('2025-03-25 16:25:00', 'YYYY-MM-DD HH24:MI:SS'), 'O', 150.00, 'IT60Z0000000000000000000003', 8);
INSERT INTO TRANSACTION (TRANSACTION_ID, TIMESTAMP, MOVEMENT_TYPE, AMOUNT, ACCOUNT_NO, EMPLOYEE_ID) VALUES (6, TO_TIMESTAMP('2024-12-13 10:32:00', 'YYYY-MM-DD HH24:MI:SS'), 'I', 250.00, 'IT60Z0000000000000000000003', 8);
INSERT INTO TRANSACTION (TRANSACTION_ID, TIMESTAMP, MOVEMENT_TYPE, AMOUNT, ACCOUNT_NO, EMPLOYEE_ID) VALUES (7, TO_TIMESTAMP('2024-06-18 13:50:00', 'YYYY-MM-DD HH24:MI:SS'), 'O', 500.00, 'IT60A0000000000000000000004', 9);
INSERT INTO TRANSACTION (TRANSACTION_ID, TIMESTAMP, MOVEMENT_TYPE, AMOUNT, ACCOUNT_NO, EMPLOYEE_ID) VALUES (8, TO_TIMESTAMP('2024-10-30 09:27:00', 'YYYY-MM-DD HH24:MI:SS'), 'I', 100.00, 'IT60B0000000000000000000005', 10);
INSERT INTO TRANSACTION (TRANSACTION_ID, TIMESTAMP, MOVEMENT_TYPE, AMOUNT, ACCOUNT_NO, EMPLOYEE_ID) VALUES (9, TO_TIMESTAMP('2025-02-02 11:39:00', 'YYYY-MM-DD HH24:MI:SS'), 'O', 250.00, 'IT60B0000000000000000000005', 10);
INSERT INTO TRANSACTION (TRANSACTION_ID, TIMESTAMP, MOVEMENT_TYPE, AMOUNT, ACCOUNT_NO, EMPLOYEE_ID) VALUES (10, TO_TIMESTAMP('2024-11-04 14:40:00', 'YYYY-MM-DD HH24:MI:SS'), 'I', 500.00, 'IT60C0000000000000000000006', 3);
INSERT INTO TRANSACTION (TRANSACTION_ID, TIMESTAMP, MOVEMENT_TYPE, AMOUNT, ACCOUNT_NO, EMPLOYEE_ID) VALUES (11, TO_TIMESTAMP('2024-08-22 13:15:00', 'YYYY-MM-DD HH24:MI:SS'), 'O', 200.00, 'IT60C0000000000000000000006', 3);
INSERT INTO TRANSACTION (TRANSACTION_ID, TIMESTAMP, MOVEMENT_TYPE, AMOUNT, ACCOUNT_NO, EMPLOYEE_ID) VALUES (12, TO_TIMESTAMP('2024-09-30 16:55:00', 'YYYY-MM-DD HH24:MI:SS'), 'I', 300.00, 'IT60C0000000000000000000006', 3);
INSERT INTO TRANSACTION (TRANSACTION_ID, TIMESTAMP, MOVEMENT_TYPE, AMOUNT, ACCOUNT_NO, EMPLOYEE_ID) VALUES (13, TO_TIMESTAMP('2024-07-06 11:10:00', 'YYYY-MM-DD HH24:MI:SS'), 'I', 150.00, 'IT60D0000000000000000000007', 6);
INSERT INTO TRANSACTION (TRANSACTION_ID, TIMESTAMP, MOVEMENT_TYPE, AMOUNT, ACCOUNT_NO, EMPLOYEE_ID) VALUES (14, TO_TIMESTAMP('2025-03-18 15:25:00', 'YYYY-MM-DD HH24:MI:SS'), 'O', 300.00, 'IT60E0000000000000000000008', 8);
INSERT INTO TRANSACTION (TRANSACTION_ID, TIMESTAMP, MOVEMENT_TYPE, AMOUNT, ACCOUNT_NO, EMPLOYEE_ID) VALUES (15, TO_TIMESTAMP('2024-12-09 13:40:00', 'YYYY-MM-DD HH24:MI:SS'), 'I', 100.00, 'IT60E0000000000000000000008', 8);
INSERT INTO TRANSACTION (TRANSACTION_ID, TIMESTAMP, MOVEMENT_TYPE, AMOUNT, ACCOUNT_NO, EMPLOYEE_ID) VALUES (16, TO_TIMESTAMP('2025-01-17 14:05:00', 'YYYY-MM-DD HH24:MI:SS'), 'I', 250.00, 'IT60F0000000000000000000009', 9);
INSERT INTO TRANSACTION (TRANSACTION_ID, TIMESTAMP, MOVEMENT_TYPE, AMOUNT, ACCOUNT_NO, EMPLOYEE_ID) VALUES (17, TO_TIMESTAMP('2024-08-12 09:30:00', 'YYYY-MM-DD HH24:MI:SS'), 'O', 150.00, 'IT60F0000000000000000000009', 9);
INSERT INTO TRANSACTION (TRANSACTION_ID, TIMESTAMP, MOVEMENT_TYPE, AMOUNT, ACCOUNT_NO, EMPLOYEE_ID) VALUES (18, TO_TIMESTAMP('2025-02-28 16:00:00', 'YYYY-MM-DD HH24:MI:SS'), 'I', 500.00, 'IT60F0000000000000000000009', 9);
INSERT INTO TRANSACTION (TRANSACTION_ID, TIMESTAMP, MOVEMENT_TYPE, AMOUNT, ACCOUNT_NO, EMPLOYEE_ID) VALUES (19, TO_TIMESTAMP('2024-07-28 10:42:00', 'YYYY-MM-DD HH24:MI:SS'), 'O', 200.00, 'IT60G0000000000000000000010', 10);
INSERT INTO TRANSACTION (TRANSACTION_ID, TIMESTAMP, MOVEMENT_TYPE, AMOUNT, ACCOUNT_NO, EMPLOYEE_ID) VALUES (20, TO_TIMESTAMP('2025-03-14 14:20:00', 'YYYY-MM-DD HH24:MI:SS'), 'I', 300.00, 'IT60H0000000000000000000011', 3);
INSERT INTO TRANSACTION (TRANSACTION_ID, TIMESTAMP, MOVEMENT_TYPE, AMOUNT, ACCOUNT_NO, EMPLOYEE_ID) VALUES (21, TO_TIMESTAMP('2024-12-04 13:30:00', 'YYYY-MM-DD HH24:MI:SS'), 'O', 100.00, 'IT60H0000000000000000000011', 3);
INSERT INTO TRANSACTION (TRANSACTION_ID, TIMESTAMP, MOVEMENT_TYPE, AMOUNT, ACCOUNT_NO, EMPLOYEE_ID) VALUES (22, TO_TIMESTAMP('2025-02-15 11:25:00', 'YYYY-MM-DD HH24:MI:SS'), 'I', 250.00, 'IT60I0000000000000000000012', 6);
INSERT INTO TRANSACTION (TRANSACTION_ID, TIMESTAMP, MOVEMENT_TYPE, AMOUNT, ACCOUNT_NO, EMPLOYEE_ID) VALUES (23, TO_TIMESTAMP('2024-10-05 09:48:00', 'YYYY-MM-DD HH24:MI:SS'), 'O', 150.00, 'IT60I0000000000000000000012', 6);
INSERT INTO TRANSACTION (TRANSACTION_ID, TIMESTAMP, MOVEMENT_TYPE, AMOUNT, ACCOUNT_NO, EMPLOYEE_ID) VALUES (24, TO_TIMESTAMP('2025-01-29 12:40:00', 'YYYY-MM-DD HH24:MI:SS'), 'I', 300.00, 'IT60I0000000000000000000012', 6);
INSERT INTO TRANSACTION (TRANSACTION_ID, TIMESTAMP, MOVEMENT_TYPE, AMOUNT, ACCOUNT_NO, EMPLOYEE_ID) VALUES (25, TO_TIMESTAMP('2024-11-21 10:12:00', 'YYYY-MM-DD HH24:MI:SS'), 'O', 400.00, 'IT60L0000000000000000000013', 8);
INSERT INTO TRANSACTION (TRANSACTION_ID, TIMESTAMP, MOVEMENT_TYPE, AMOUNT, ACCOUNT_NO, EMPLOYEE_ID) VALUES (26, TO_TIMESTAMP('2025-02-26 14:33:00', 'YYYY-MM-DD HH24:MI:SS'), 'I', 500.00, 'IT60M0000000000000000000014', 9);
INSERT INTO TRANSACTION (TRANSACTION_ID, TIMESTAMP, MOVEMENT_TYPE, AMOUNT, ACCOUNT_NO, EMPLOYEE_ID) VALUES (27, TO_TIMESTAMP('2024-08-10 16:00:00', 'YYYY-MM-DD HH24:MI:SS'), 'O', 200.00, 'IT60M0000000000000000000014', 9);
INSERT INTO TRANSACTION (TRANSACTION_ID, TIMESTAMP, MOVEMENT_TYPE, AMOUNT, ACCOUNT_NO, EMPLOYEE_ID) VALUES (28, TO_TIMESTAMP('2025-03-22 12:05:00', 'YYYY-MM-DD HH24:MI:SS'), 'I', 300.00, 'IT60N0000000000000000000015', 10);
INSERT INTO TRANSACTION (TRANSACTION_ID, TIMESTAMP, MOVEMENT_TYPE, AMOUNT, ACCOUNT_NO, EMPLOYEE_ID) VALUES (29, TO_TIMESTAMP('2024-10-18 13:30:00', 'YYYY-MM-DD HH24:MI:SS'), 'O', 150.00, 'IT60N0000000000000000000015', 10);
INSERT INTO TRANSACTION (TRANSACTION_ID, TIMESTAMP, MOVEMENT_TYPE, AMOUNT, ACCOUNT_NO, EMPLOYEE_ID) VALUES (30, TO_TIMESTAMP('2025-01-10 14:55:00', 'YYYY-MM-DD HH24:MI:SS'), 'I', 400.00, 'IT60N0000000000000000000015', 10);
INSERT INTO TRANSACTION (TRANSACTION_ID, TIMESTAMP, MOVEMENT_TYPE, AMOUNT, ACCOUNT_NO, EMPLOYEE_ID) VALUES (31, TO_TIMESTAMP('2024-09-22 12:40:00', 'YYYY-MM-DD HH24:MI:SS'), 'O', 300.00, 'IT60O0000000000000000000016', 3);
INSERT INTO TRANSACTION (TRANSACTION_ID, TIMESTAMP, MOVEMENT_TYPE, AMOUNT, ACCOUNT_NO, EMPLOYEE_ID) VALUES (32, TO_TIMESTAMP('2025-01-27 11:45:00', 'YYYY-MM-DD HH24:MI:SS'), 'I', 200.00, 'IT60P0000000000000000000017', 6);
INSERT INTO TRANSACTION (TRANSACTION_ID, TIMESTAMP, MOVEMENT_TYPE, AMOUNT, ACCOUNT_NO, EMPLOYEE_ID) VALUES (33, TO_TIMESTAMP('2024-07-17 09:12:00', 'YYYY-MM-DD HH24:MI:SS'), 'O', 100.00, 'IT60P0000000000000000000017', 6);
INSERT INTO TRANSACTION (TRANSACTION_ID, TIMESTAMP, MOVEMENT_TYPE, AMOUNT, ACCOUNT_NO, EMPLOYEE_ID) VALUES (34, TO_TIMESTAMP('2024-11-13 14:15:00', 'YYYY-MM-DD HH24:MI:SS'), 'I', 500.00, 'IT60Q0000000000000000000018', 8);
INSERT INTO TRANSACTION (TRANSACTION_ID, TIMESTAMP, MOVEMENT_TYPE, AMOUNT, ACCOUNT_NO, EMPLOYEE_ID) VALUES (35, TO_TIMESTAMP('2025-02-07 16:05:00', 'YYYY-MM-DD HH24:MI:SS'), 'O', 200.00, 'IT60Q0000000000000000000018', 8);
INSERT INTO TRANSACTION (TRANSACTION_ID, TIMESTAMP, MOVEMENT_TYPE, AMOUNT, ACCOUNT_NO, EMPLOYEE_ID) VALUES (36, TO_TIMESTAMP('2024-06-25 12:25:00', 'YYYY-MM-DD HH24:MI:SS'), 'I', 300.00, 'IT60Q0000000000000000000018', 8);
INSERT INTO TRANSACTION (TRANSACTION_ID, TIMESTAMP, MOVEMENT_TYPE, AMOUNT, ACCOUNT_NO, EMPLOYEE_ID) VALUES (37, TO_TIMESTAMP('2025-03-04 13:45:00', 'YYYY-MM-DD HH24:MI:SS'), 'O', 100.00, 'IT60R0000000000000000000019', 9);
INSERT INTO TRANSACTION (TRANSACTION_ID, TIMESTAMP, MOVEMENT_TYPE, AMOUNT, ACCOUNT_NO, EMPLOYEE_ID) VALUES (38, TO_TIMESTAMP('2024-12-17 16:12:00', 'YYYY-MM-DD HH24:MI:SS'), 'O', 400.00, 'IT60S0000000000000000000020', 10);
INSERT INTO TRANSACTION (TRANSACTION_ID, TIMESTAMP, MOVEMENT_TYPE, AMOUNT, ACCOUNT_NO, EMPLOYEE_ID) VALUES (39, TO_TIMESTAMP('2025-01-18 14:30:00', 'YYYY-MM-DD HH24:MI:SS'), 'I', 150.00, 'IT60T0000000000000000000021', 3);
INSERT INTO TRANSACTION (TRANSACTION_ID, TIMESTAMP, MOVEMENT_TYPE, AMOUNT, ACCOUNT_NO, EMPLOYEE_ID) VALUES (40, TO_TIMESTAMP('2025-02-18 15:20:00', 'YYYY-MM-DD HH24:MI:SS'), 'O', 250.00, 'IT60T0000000000000000000021', 3);
INSERT INTO TRANSACTION (TRANSACTION_ID, TIMESTAMP, MOVEMENT_TYPE, AMOUNT, ACCOUNT_NO, EMPLOYEE_ID) VALUES (41, TO_TIMESTAMP('2024-11-01 14:25:00', 'YYYY-MM-DD HH24:MI:SS'), 'I', 200.00, 'IT60U0000000000000000000022', 6);
INSERT INTO TRANSACTION (TRANSACTION_ID, TIMESTAMP, MOVEMENT_TYPE, AMOUNT, ACCOUNT_NO, EMPLOYEE_ID) VALUES (42, TO_TIMESTAMP('2024-12-30 10:50:00', 'YYYY-MM-DD HH24:MI:SS'), 'O', 100.00, 'IT60U0000000000000000000022', 6);
INSERT INTO TRANSACTION (TRANSACTION_ID, TIMESTAMP, MOVEMENT_TYPE, AMOUNT, ACCOUNT_NO, EMPLOYEE_ID) VALUES (43, TO_TIMESTAMP('2025-01-22 13:40:00', 'YYYY-MM-DD HH24:MI:SS'), 'I', 350.00, 'IT60U0000000000000000000022', 6);
INSERT INTO TRANSACTION (TRANSACTION_ID, TIMESTAMP, MOVEMENT_TYPE, AMOUNT, ACCOUNT_NO, EMPLOYEE_ID) VALUES (44, TO_TIMESTAMP('2024-09-13 09:58:00', 'YYYY-MM-DD HH24:MI:SS'), 'O', 500.00, 'IT60V0000000000000000000023', 8);
INSERT INTO TRANSACTION (TRANSACTION_ID, TIMESTAMP, MOVEMENT_TYPE, AMOUNT, ACCOUNT_NO, EMPLOYEE_ID) VALUES (45, TO_TIMESTAMP('2025-02-05 12:10:00', 'YYYY-MM-DD HH24:MI:SS'), 'I', 250.00, 'IT60W0000000000000000000024', 9);
INSERT INTO TRANSACTION (TRANSACTION_ID, TIMESTAMP, MOVEMENT_TYPE, AMOUNT, ACCOUNT_NO, EMPLOYEE_ID) VALUES (46, TO_TIMESTAMP('2024-10-02 14:23:00', 'YYYY-MM-DD HH24:MI:SS'), 'O', 150.00, 'IT60W0000000000000000000024', 9);
INSERT INTO TRANSACTION (TRANSACTION_ID, TIMESTAMP, MOVEMENT_TYPE, AMOUNT, ACCOUNT_NO, EMPLOYEE_ID) VALUES (47, TO_TIMESTAMP('2025-03-01 16:55:00', 'YYYY-MM-DD HH24:MI:SS'), 'I', 500.00, 'IT60X0000000000000000000025', 10);
INSERT INTO TRANSACTION (TRANSACTION_ID, TIMESTAMP, MOVEMENT_TYPE, AMOUNT, ACCOUNT_NO, EMPLOYEE_ID) VALUES (48, TO_TIMESTAMP('2024-08-28 11:33:00', 'YYYY-MM-DD HH24:MI:SS'), 'O', 200.00, 'IT60X0000000000000000000025', 10);
INSERT INTO TRANSACTION (TRANSACTION_ID, TIMESTAMP, MOVEMENT_TYPE, AMOUNT, ACCOUNT_NO, EMPLOYEE_ID) VALUES (49, TO_TIMESTAMP('2025-02-20 10:40:00', 'YYYY-MM-DD HH24:MI:SS'), 'I', 350.00, 'IT60X0000000000000000000025', 10);
INSERT INTO TRANSACTION (TRANSACTION_ID, TIMESTAMP, MOVEMENT_TYPE, AMOUNT, ACCOUNT_NO, EMPLOYEE_ID) VALUES (50, TO_TIMESTAMP('2024-11-18 15:12:00', 'YYYY-MM-DD HH24:MI:SS'), 'O', 600.00, 'IT60Y0000000000000000000026', 3);
INSERT INTO TRANSACTION (TRANSACTION_ID, TIMESTAMP, MOVEMENT_TYPE, AMOUNT, ACCOUNT_NO, EMPLOYEE_ID) VALUES (51, TO_TIMESTAMP('2024-10-15 12:08:00', 'YYYY-MM-DD HH24:MI:SS'), 'I', 400.00, 'IT60Z0000000000000000000027', 6);
INSERT INTO TRANSACTION (TRANSACTION_ID, TIMESTAMP, MOVEMENT_TYPE, AMOUNT, ACCOUNT_NO, EMPLOYEE_ID) VALUES (52, TO_TIMESTAMP('2025-03-07 16:15:00', 'YYYY-MM-DD HH24:MI:SS'), 'O', 300.00, 'IT60Z0000000000000000000027', 6);
INSERT INTO TRANSACTION (TRANSACTION_ID, TIMESTAMP, MOVEMENT_TYPE, AMOUNT, ACCOUNT_NO, EMPLOYEE_ID) VALUES (53, TO_TIMESTAMP('2024-08-09 14:55:00', 'YYYY-MM-DD HH24:MI:SS'), 'I', 250.00, 'IT60A0000000000000000000028', 8);
INSERT INTO TRANSACTION (TRANSACTION_ID, TIMESTAMP, MOVEMENT_TYPE, AMOUNT, ACCOUNT_NO, EMPLOYEE_ID) VALUES (54, TO_TIMESTAMP('2025-02-09 11:12:00', 'YYYY-MM-DD HH24:MI:SS'), 'O', 150.00, 'IT60A0000000000000000000028', 8);
INSERT INTO TRANSACTION (TRANSACTION_ID, TIMESTAMP, MOVEMENT_TYPE, AMOUNT, ACCOUNT_NO, EMPLOYEE_ID) VALUES (55, TO_TIMESTAMP('2024-11-03 13:25:00', 'YYYY-MM-DD HH24:MI:SS'), 'I', 300.00, 'IT60A0000000000000000000028', 8);
INSERT INTO TRANSACTION (TRANSACTION_ID, TIMESTAMP, MOVEMENT_TYPE, AMOUNT, ACCOUNT_NO, EMPLOYEE_ID) VALUES (56, TO_TIMESTAMP('2024-07-22 15:47:00', 'YYYY-MM-DD HH24:MI:SS'), 'O', 400.00, 'IT60B0000000000000000000029', 9);
INSERT INTO TRANSACTION (TRANSACTION_ID, TIMESTAMP, MOVEMENT_TYPE, AMOUNT, ACCOUNT_NO, EMPLOYEE_ID) VALUES (57, TO_TIMESTAMP('2025-02-17 12:30:00', 'YYYY-MM-DD HH24:MI:SS'), 'I', 350.00, 'IT60C0000000000000000000030', 10);
INSERT INTO TRANSACTION (TRANSACTION_ID, TIMESTAMP, MOVEMENT_TYPE, AMOUNT, ACCOUNT_NO, EMPLOYEE_ID) VALUES (58, TO_TIMESTAMP('2024-10-26 14:18:00', 'YYYY-MM-DD HH24:MI:SS'), 'O', 100.00, 'IT60C0000000000000000000030', 10);


--Inserimento carte
INSERT INTO CARD (CARD_NO, CARD_TYPE, PAYMENT_CIRCUIT, LIMIT, FLAG_ACTIVE, ACCOUNT_NO) VALUES('CARD001', 'Credit', 'Visa', 2000.00, 'Y', 'IT60X0000000000000000000001');
INSERT INTO CARD (CARD_NO, CARD_TYPE, PAYMENT_CIRCUIT, LIMIT, FLAG_ACTIVE, ACCOUNT_NO) VALUES('CARD002', 'Debit', 'Mastercard', 1500.00, 'Y', 'IT60Y0000000000000000000002');
INSERT INTO CARD (CARD_NO, CARD_TYPE, PAYMENT_CIRCUIT, LIMIT, FLAG_ACTIVE, ACCOUNT_NO) VALUES('CARD003', 'Credit', 'Mastercard', 2500.00, 'Y', 'IT60Z0000000000000000000003');
INSERT INTO CARD (CARD_NO, CARD_TYPE, PAYMENT_CIRCUIT, LIMIT, FLAG_ACTIVE, ACCOUNT_NO) VALUES('CARD004', 'Debit', 'Visa', 1800.00, 'Y', 'IT60A0000000000000000000004');
INSERT INTO CARD (CARD_NO, CARD_TYPE, PAYMENT_CIRCUIT, LIMIT, FLAG_ACTIVE, ACCOUNT_NO) VALUES('CARD005', 'Credit', 'Visa', 3000.00, 'Y', 'IT60B0000000000000000000005');
INSERT INTO CARD (CARD_NO, CARD_TYPE, PAYMENT_CIRCUIT, LIMIT, FLAG_ACTIVE, ACCOUNT_NO) VALUES('CARD006', 'Debit', 'Mastercard', 2200.00, 'Y', 'IT60C0000000000000000000006');
INSERT INTO CARD (CARD_NO, CARD_TYPE, PAYMENT_CIRCUIT, LIMIT, FLAG_ACTIVE, ACCOUNT_NO) VALUES('CARD007', 'Credit', 'Mastercard', 2800.00, 'Y', 'IT60D0000000000000000000007');
INSERT INTO CARD (CARD_NO, CARD_TYPE, PAYMENT_CIRCUIT, LIMIT, FLAG_ACTIVE, ACCOUNT_NO) VALUES('CARD008', 'Debit', 'Visa', 1900.00, 'Y', 'IT60E0000000000000000000008');
INSERT INTO CARD (CARD_NO, CARD_TYPE, PAYMENT_CIRCUIT, LIMIT, FLAG_ACTIVE, ACCOUNT_NO) VALUES('CARD009', 'Credit', 'Visa', 2700.00, 'Y', 'IT60F0000000000000000000009');
INSERT INTO CARD (CARD_NO, CARD_TYPE, PAYMENT_CIRCUIT, LIMIT, FLAG_ACTIVE, ACCOUNT_NO) VALUES('CARD010', 'Debit', 'Mastercard', 2100.00, 'Y', 'IT60G0000000000000000000010');
INSERT INTO CARD (CARD_NO, CARD_TYPE, PAYMENT_CIRCUIT, LIMIT, FLAG_ACTIVE, ACCOUNT_NO) VALUES('CARD011', 'Credit', 'Mastercard', 2600.00, 'Y', 'IT60H0000000000000000000011');
INSERT INTO CARD (CARD_NO, CARD_TYPE, PAYMENT_CIRCUIT, LIMIT, FLAG_ACTIVE, ACCOUNT_NO) VALUES('CARD012', 'Debit', 'Visa', 2000.00, 'Y', 'IT60I0000000000000000000012');
INSERT INTO CARD (CARD_NO, CARD_TYPE, PAYMENT_CIRCUIT, LIMIT, FLAG_ACTIVE, ACCOUNT_NO) VALUES('CARD013', 'Credit', 'Visa', 2900.00, 'Y', 'IT60L0000000000000000000013');
INSERT INTO CARD (CARD_NO, CARD_TYPE, PAYMENT_CIRCUIT, LIMIT, FLAG_ACTIVE, ACCOUNT_NO) VALUES('CARD014', 'Debit', 'Mastercard', 1700.00, 'Y', 'IT60M0000000000000000000014');
INSERT INTO CARD (CARD_NO, CARD_TYPE, PAYMENT_CIRCUIT, LIMIT, FLAG_ACTIVE, ACCOUNT_NO) VALUES('CARD015', 'Credit', 'Mastercard', 2400.00, 'Y', 'IT60N0000000000000000000015');
INSERT INTO CARD (CARD_NO, CARD_TYPE, PAYMENT_CIRCUIT, LIMIT, FLAG_ACTIVE, ACCOUNT_NO) VALUES('CARD016', 'Debit', 'Visa', 1600.00, 'Y', 'IT60O0000000000000000000016');
INSERT INTO CARD (CARD_NO, CARD_TYPE, PAYMENT_CIRCUIT, LIMIT, FLAG_ACTIVE, ACCOUNT_NO) VALUES('CARD017', 'Credit', 'Visa', 3100.00, 'Y', 'IT60P0000000000000000000017');
INSERT INTO CARD (CARD_NO, CARD_TYPE, PAYMENT_CIRCUIT, LIMIT, FLAG_ACTIVE, ACCOUNT_NO) VALUES('CARD018', 'Debit', 'Mastercard', 2300.00, 'Y', 'IT60Q0000000000000000000018');
INSERT INTO CARD (CARD_NO, CARD_TYPE, PAYMENT_CIRCUIT, LIMIT, FLAG_ACTIVE, ACCOUNT_NO) VALUES('CARD019', 'Credit', 'Mastercard', 2750.00, 'Y', 'IT60R0000000000000000000019');
INSERT INTO CARD (CARD_NO, CARD_TYPE, PAYMENT_CIRCUIT, LIMIT, FLAG_ACTIVE, ACCOUNT_NO) VALUES('CARD020', 'Debit', 'Visa', 2050.00, 'Y', 'IT60S0000000000000000000020');
INSERT INTO CARD (CARD_NO, CARD_TYPE, PAYMENT_CIRCUIT, LIMIT, FLAG_ACTIVE, ACCOUNT_NO) VALUES('CARD021', 'Credit', 'Visa', 2950.00, 'Y', 'IT60T0000000000000000000021');
INSERT INTO CARD (CARD_NO, CARD_TYPE, PAYMENT_CIRCUIT, LIMIT, FLAG_ACTIVE, ACCOUNT_NO) VALUES('CARD022', 'Debit', 'Mastercard', 1750.00, 'Y', 'IT60U0000000000000000000022');
INSERT INTO CARD (CARD_NO, CARD_TYPE, PAYMENT_CIRCUIT, LIMIT, FLAG_ACTIVE, ACCOUNT_NO) VALUES('CARD023', 'Credit', 'Mastercard', 2450.00, 'Y', 'IT60V0000000000000000000023');
INSERT INTO CARD (CARD_NO, CARD_TYPE, PAYMENT_CIRCUIT, LIMIT, FLAG_ACTIVE, ACCOUNT_NO) VALUES('CARD024', 'Debit', 'Visa', 1650.00, 'Y', 'IT60W0000000000000000000024');
INSERT INTO CARD (CARD_NO, CARD_TYPE, PAYMENT_CIRCUIT, LIMIT, FLAG_ACTIVE, ACCOUNT_NO) VALUES('CARD025', 'Credit', 'Visa', 3150.00, 'Y', 'IT60X0000000000000000000025');
INSERT INTO CARD (CARD_NO, CARD_TYPE, PAYMENT_CIRCUIT, LIMIT, FLAG_ACTIVE, ACCOUNT_NO) VALUES('CARD026', 'Debit', 'Mastercard', 2350.00, 'Y', 'IT60Y0000000000000000000026');
INSERT INTO CARD (CARD_NO, CARD_TYPE, PAYMENT_CIRCUIT, LIMIT, FLAG_ACTIVE, ACCOUNT_NO) VALUES('CARD027', 'Credit', 'Mastercard', 2850.00, 'Y', 'IT60Z0000000000000000000027');
INSERT INTO CARD (CARD_NO, CARD_TYPE, PAYMENT_CIRCUIT, LIMIT, FLAG_ACTIVE, ACCOUNT_NO) VALUES('CARD028', 'Debit', 'Visa', 1950.00, 'Y', 'IT60A0000000000000000000028');
INSERT INTO CARD (CARD_NO, CARD_TYPE, PAYMENT_CIRCUIT, LIMIT, FLAG_ACTIVE, ACCOUNT_NO) VALUES('CARD029', 'Credit', 'Visa', 2750.00, 'Y', 'IT60B0000000000000000000029');
INSERT INTO CARD (CARD_NO, CARD_TYPE, PAYMENT_CIRCUIT, LIMIT, FLAG_ACTIVE, ACCOUNT_NO) VALUES('CARD030', 'Debit', 'Mastercard', 2150.00, 'Y', 'IT60C0000000000000000000030');


--Inserimento audit_log
INSERT INTO AUDIT_LOG (ID_LOG, TIMESTAMP, OPERATION, EMPLOYEE_ID) VALUES(1, TO_TIMESTAMP('2024-06-15 08:00:00', 'YYYY-MM-DD HH24:MI:SS'), 'Checked employee Mario Rossi', 1);
INSERT INTO AUDIT_LOG (ID_LOG, TIMESTAMP, OPERATION, EMPLOYEE_ID) VALUES(2, TO_TIMESTAMP('2024-09-22 09:15:00', 'YYYY-MM-DD HH24:MI:SS'), 'Checked employee Luca Bianchi', 2);
INSERT INTO AUDIT_LOG (ID_LOG, TIMESTAMP, OPERATION, EMPLOYEE_ID) VALUES(3, TO_TIMESTAMP('2024-12-05 10:30:00', 'YYYY-MM-DD HH24:MI:SS'), 'Checked employee Anna Verdi', 3);
INSERT INTO AUDIT_LOG (ID_LOG, TIMESTAMP, OPERATION, EMPLOYEE_ID) VALUES(4, TO_TIMESTAMP('2025-01-10 11:45:00', 'YYYY-MM-DD HH24:MI:SS'), 'Checked employee Giulia Neri', 4);
INSERT INTO AUDIT_LOG (ID_LOG, TIMESTAMP, OPERATION, EMPLOYEE_ID) VALUES(5, TO_TIMESTAMP('2024-11-14 12:00:00', 'YYYY-MM-DD HH24:MI:SS'), 'Checked employee Stefano Moretti', 5);
INSERT INTO AUDIT_LOG (ID_LOG, TIMESTAMP, OPERATION, EMPLOYEE_ID) VALUES(6, TO_TIMESTAMP('2025-03-01 13:30:00', 'YYYY-MM-DD HH24:MI:SS'), 'Checked employee Elisa Conti', 6);
INSERT INTO AUDIT_LOG (ID_LOG, TIMESTAMP, OPERATION, EMPLOYEE_ID) VALUES(7, TO_TIMESTAMP('2024-08-25 14:00:00', 'YYYY-MM-DD HH24:MI:SS'), 'Checked employee Paolo De Luca', 7);
INSERT INTO AUDIT_LOG (ID_LOG, TIMESTAMP, OPERATION, EMPLOYEE_ID) VALUES(8, TO_TIMESTAMP('2025-02-20 15:00:00', 'YYYY-MM-DD HH24:MI:SS'), 'Checked employee Francesco Ricci', 8);
INSERT INTO AUDIT_LOG (ID_LOG, TIMESTAMP, OPERATION, EMPLOYEE_ID) VALUES(9, TO_TIMESTAMP('2024-10-30 16:30:00', 'YYYY-MM-DD HH24:MI:SS'), 'Checked employee Martina Ferrari', 9);
INSERT INTO AUDIT_LOG (ID_LOG, TIMESTAMP, OPERATION, EMPLOYEE_ID) VALUES(10, TO_TIMESTAMP('2025-04-12 17:45:00', 'YYYY-MM-DD HH24:MI:SS'), 'Checked employee Alessandro Romano', 10);